{
  "requirements": [
    {
      "description": "1 - Crie uma barra verde na parte superior da página",
      "bonus": false,
      "skill_ids": [
        "34072452-1a74-4dd2-b4b3-23e7e322b0cc",
        "e2383150-f640-466b-8120-db777802f474",
        "ee4f2401-88cb-4d2a-b6e3-f23412e23e35",
        "0529f8a0-d2f1-451e-b620-6ad83d1f848f",
        "4efd8ab7-2c13-42cd-aad8-17aa0dce7c6d",
        "bcb9581a-a21c-4efe-bd82-2a4422b2409a"
      ]
    },
    {
      "description": "2 - Adicione o logotipo da Trybewarts com a classe `trybewarts-header-logo` na barra superior",
      "bonus": false,
      "skill_ids": [
        "17ae12c3-98f2-4d02-8a68-246998ebe9c0",
        "20595061-bc99-4a52-9d52-2a5a6b549d31",
        "bcb9581a-a21c-4efe-bd82-2a4422b2409a",
        "0529f8a0-d2f1-451e-b620-6ad83d1f848f",
        "54e289cd-aad3-48de-a7fe-36d53b9b001c",
        "e51df440-90ee-42e8-be83-1c02e2c06489"
      ]
    },
    {
      "description": "3 - Acrescente um formulário de login no canto direito da barra superior contendo os inputs de email, senha e um botão de login",
      "bonus": false,
      "skill_ids": [
        "043321cd-64e8-423d-bb64-c9c6e4c17e32",
        "af19cc34-291c-4eb9-84f3-be666cf270c2",
        "37b8d9c1-a5b1-44d8-b2f7-54678f836f41",
        "8ecad6db-7b0a-477b-be18-163504eb8e93",
        "ab1155b6-a3b5-475e-beaf-4ce9179c8bcc",
        "e3d12e45-3f14-4a9f-96fd-292fa0f49022",
        "bcb9581a-a21c-4efe-bd82-2a4422b2409a",
        "4bc2e43b-ac17-4f00-84cb-2c0776e446c9",
        "8f2bd30e-4e3a-4ef1-b24a-e955fdb97e97",
        "e30e36ef-e8a3-48eb-b7f2-12bce792e4f9",
        "a80d18f6-c2db-497d-86ee-32f3eb84d899"
      ]
    },
    {
      "description": "4 - Crie um título com o texto `Trybewarts` centralizado dentro do `Header`",
      "bonus": false,
      "skill_ids": [
        "bcb9581a-a21c-4efe-bd82-2a4422b2409a",
        "4bc2e43b-ac17-4f00-84cb-2c0776e446c9"
      ]
    },
    {
      "description": "5 - Adicione um formulário no corpo da página",
      "bonus": false,
      "skill_ids": [
        "061bab86-fb8e-443a-aba1-128f8587bc98",
        "bcb9581a-a21c-4efe-bd82-2a4422b2409a",
        "37b8d9c1-a5b1-44d8-b2f7-54678f836f41",
        "e2383150-f640-466b-8120-db777802f474",
        "ee4f2401-88cb-4d2a-b6e3-f23412e23e35",
        "8e25bd7e-0258-4d82-86cc-5c79331feea5"
      ]
    },
    {
      "description": "6 - Faça com que o eixo principal do formulário seja vertical",
      "bonus": false,
      "skill_ids": [
        "e2383150-f640-466b-8120-db777802f474",
        "ee4f2401-88cb-4d2a-b6e3-f23412e23e35",
        "37b8d9c1-a5b1-44d8-b2f7-54678f836f41",
        "dff815a7-42ec-4f41-9175-0d22afc9e28a"
      ]
    },
    {
      "description": "7 - Adicione a logo da Trybewarts no lado direito da página",
      "bonus": false,
      "skill_ids": [
        "bcb9581a-a21c-4efe-bd82-2a4422b2409a",
        "17ae12c3-98f2-4d02-8a68-246998ebe9c0"
      ]
    },
    {
      "description": "8 - Acrescente ao formulário com id `evaluation-form` os inputs de `nome, sobrenome e email`",
      "bonus": false,
      "skill_ids": [
        "bcb9581a-a21c-4efe-bd82-2a4422b2409a",
        "ab1155b6-a3b5-475e-beaf-4ce9179c8bcc",
        "e3d12e45-3f14-4a9f-96fd-292fa0f49022"
      ]
    },
    {
      "description": "9 - Acrescente ao formulário um select com o id `house` contendo as opções `Gitnória`, `Reactpuff`, `Corvinode` e `Pytherina`",
      "bonus": false,
      "skill_ids": [
        "bcb9581a-a21c-4efe-bd82-2a4422b2409a"
      ]
    },
    {
      "description": "10 - Posicione os campos de `Nome` e `Sobrenome` para que fiquem em linha",
      "bonus": false,
      "skill_ids": [
        "bcb9581a-a21c-4efe-bd82-2a4422b2409a",
        "e2383150-f640-466b-8120-db777802f474",
        "ee4f2401-88cb-4d2a-b6e3-f23412e23e35",
        "37b8d9c1-a5b1-44d8-b2f7-54678f836f41",
        "dff815a7-42ec-4f41-9175-0d22afc9e28a"
      ]
    },
    {
      "description": "11 - Posicione os campos de `Email` e `Casa` para que fiquem em linha",
      "bonus": false,
      "skill_ids": [
        "bcb9581a-a21c-4efe-bd82-2a4422b2409a",
        "e2383150-f640-466b-8120-db777802f474",
        "ee4f2401-88cb-4d2a-b6e3-f23412e23e35",
        "37b8d9c1-a5b1-44d8-b2f7-54678f836f41",
        "dff815a7-42ec-4f41-9175-0d22afc9e28a"
      ]
    },
    {
      "description": "12 - Acrescente ao formulário um campo de entrada para qual família a pessoa estudante se identifica",
      "bonus": false,
      "skill_ids": [
        "bcb9581a-a21c-4efe-bd82-2a4422b2409a",
        "0e6b514c-2885-42d4-aaa4-e659d2b67743",
        "06e200ef-2519-4c3e-943b-74d0743d7dbc",
        "dff815a7-42ec-4f41-9175-0d22afc9e28a"
      ]
    },
    {
      "description": "13 - Crie campos de entrada do tipo `checkbox` contendo seis opções",
      "bonus": false,
      "skill_ids": [
        "bcb9581a-a21c-4efe-bd82-2a4422b2409a",
        "dff815a7-42ec-4f41-9175-0d22afc9e28a",
        "2b32ca00-9421-4c02-a0a0-55ae4837f745"
      ]
    },
    {
      "description": "14 - Crie campo de entrada para avaliar de 1 a 10 o nível de satisfação com a Trybewarts",
      "bonus": false,
      "skill_ids": [
        "bcb9581a-a21c-4efe-bd82-2a4422b2409a",
        "0e6b514c-2885-42d4-aaa4-e659d2b67743",
        "06e200ef-2519-4c3e-943b-74d0743d7dbc",
        "dff815a7-42ec-4f41-9175-0d22afc9e28a",
        "4bc2e43b-ac17-4f00-84cb-2c0776e446c9",
        "8f2bd30e-4e3a-4ef1-b24a-e955fdb97e97",
        "e30e36ef-e8a3-48eb-b7f2-12bce792e4f9",
        "a80d18f6-c2db-497d-86ee-32f3eb84d899"
      ]
    },
    {
      "description": "15 - Crie uma textarea com o id `textarea` e uma label com a classe `textarea` contendo o número máximo de caracteres igual à 500",
      "bonus": false,
      "skill_ids": [
        "bcb9581a-a21c-4efe-bd82-2a4422b2409a",
        "23ef2a3d-b268-4282-857b-283eb888d9c0"
      ]
    },
    {
      "description": "16 - Crie um campo de entrada do tipo `checkbox` com o id `agreement` para validar as informações",
      "bonus": false,
      "skill_ids": [
        "bcb9581a-a21c-4efe-bd82-2a4422b2409a",
        "dff815a7-42ec-4f41-9175-0d22afc9e28a",
        "2b32ca00-9421-4c02-a0a0-55ae4837f745"
      ]
    },
    {
      "description": "17 - Crie um botão de Enviar para submeter o formulário",
      "bonus": false,
      "skill_ids": [
        "bcb9581a-a21c-4efe-bd82-2a4422b2409a",
        "043321cd-64e8-423d-bb64-c9c6e4c17e32",
        "af19cc34-291c-4eb9-84f3-be666cf270c2"
      ]
    },
    {
      "description": "18 - Faça com que o botão `Enviar` seja habilitado somente após a checkbox do requisito 16 ser selecionada",
      "bonus": false,
      "skill_ids": [
        "135bf685-05f2-44df-9376-5bbc7c61472e",
        "485144f1-bb52-403f-b94d-d40eeaadb3f1",
        "af62fce8-1899-44fc-bfc0-ab88b7c1f459",
        "586bcb94-0698-46d3-9eb4-3f98692b5131",
        "b036e9e4-b6fa-44fb-ae82-a30f8ce4fd00",
        "2ab799a2-4de6-464a-82b3-c0fd06d03e01",
        "ebfb806c-1567-47d4-904c-3480d5b1a166"
      ]
    },
    {
      "description": "19 - Crie um rodapé no final da página",
      "bonus": false,
      "skill_ids": [
        "632e1695-47ad-4fb1-b1c2-382af5f43a6f",
        "4bc2e43b-ac17-4f00-84cb-2c0776e446c9",
        "8f2bd30e-4e3a-4ef1-b24a-e955fdb97e97",
        "e30e36ef-e8a3-48eb-b7f2-12bce792e4f9",
        "a80d18f6-c2db-497d-86ee-32f3eb84d899"
      ]
    },
    {
      "description": "20 - Crie um contador com o ID `counter` contendo o número de caracteres disponíveis no textarea, variando de 500 até 0, que deverá ser atualizado a medida que algo for digitado na textarea",
      "bonus": true,
      "skill_ids": [
        "135bf685-05f2-44df-9376-5bbc7c61472e",
        "485144f1-bb52-403f-b94d-d40eeaadb3f1",
        "af62fce8-1899-44fc-bfc0-ab88b7c1f459",
        "586bcb94-0698-46d3-9eb4-3f98692b5131",
        "b036e9e4-b6fa-44fb-ae82-a30f8ce4fd00",
        "2ab799a2-4de6-464a-82b3-c0fd06d03e01",
        "ebfb806c-1567-47d4-904c-3480d5b1a166",
        "f6eb9c8c-51bc-41c3-a2aa-529ad82d3dbf",
        "07f41718-b618-4c44-ab84-b529c77cd036",
        "a3cc1fb7-4236-459a-b05f-0e59f364f062",
        "8e7a716f-a2a4-4640-8654-c19b7e7e4506",
        "2e77a1fc-5e9d-4d05-8acd-56a6ff028501",
        "1a98adcd-1669-4088-8b16-c7b00ecd1ec8",
        "0501f8ef-d192-4207-a521-c2f32b2dd2fa",
        "58b4a2db-3848-485b-8ff7-a314369a2b20",
        "95e4ebe9-2181-47be-b602-6255b7270670",
        "e5755aa9-89b9-475c-94f5-b557f5829e59",
        "efeef6c0-0904-432d-b471-2af8a00e6bc9",
        "7570d9d4-4dd4-4ef2-bb14-8160a9f0ce2c"
      ]
    },
    {
      "description": "21 - Faça com que ao clicar no botão `Enviar`, o conteúdo do formulário seja substituído pelas informações preenchidas",
      "bonus": true,
      "skill_ids": [
        "135bf685-05f2-44df-9376-5bbc7c61472e",
        "485144f1-bb52-403f-b94d-d40eeaadb3f1",
        "af62fce8-1899-44fc-bfc0-ab88b7c1f459",
        "586bcb94-0698-46d3-9eb4-3f98692b5131",
        "b036e9e4-b6fa-44fb-ae82-a30f8ce4fd00",
        "2ab799a2-4de6-464a-82b3-c0fd06d03e01",
        "ebfb806c-1567-47d4-904c-3480d5b1a166",
        "f6eb9c8c-51bc-41c3-a2aa-529ad82d3dbf",
        "07f41718-b618-4c44-ab84-b529c77cd036",
        "a3cc1fb7-4236-459a-b05f-0e59f364f062",
        "8e7a716f-a2a4-4640-8654-c19b7e7e4506",
        "2e77a1fc-5e9d-4d05-8acd-56a6ff028501",
        "1a98adcd-1669-4088-8b16-c7b00ecd1ec8",
        "0501f8ef-d192-4207-a521-c2f32b2dd2fa",
        "58b4a2db-3848-485b-8ff7-a314369a2b20",
        "95e4ebe9-2181-47be-b602-6255b7270670",
        "e5755aa9-89b9-475c-94f5-b557f5829e59",
        "efeef6c0-0904-432d-b471-2af8a00e6bc9",
        "7570d9d4-4dd4-4ef2-bb14-8160a9f0ce2c"
      ]
    }
  ]
}
